{
  "quadratic_weighted_kappa": 0.894713870029098,
  "macro_f1": 0.6835722322987701,
  "balanced_accuracy": 0.6810785195769715,
  "per_class_recall": [
    0.9757085020242915,
    0.6078431372549019,
    0.8014705882352942,
    0.37037037037037035,
    0.65
  ],
  "confusion_matrix": [
    [
      241,
      6,
      0,
      0,
      0
    ],
    [
      2,
      31,
      17,
      0,
      1
    ],
    [
      0,
      6,
      109,
      9,
      12
    ],
    [
      0,
      0,
      8,
      10,
      9
    ],
    [
      0,
      3,
      10,
      1,
      26
    ]
  ],
  "referable_auroc": 0.983800046285582,
  "referable_sensitivity": 0.9655172413793104,
  "referable_specificity": 0.9362416107382551,
  "referable_precision": 0.9116279069767442,
  "referable_negative_predictive_value": 0.9755244755244755,
  "dataset": "APTOS held-out test",
  "samples": 501,
  "expected_calibration_error": 0.011973309081949888,
  "kappa_95_ci": {
    "estimate": 0.894713870029098,
    "lower": 0.865826839022116,
    "upper": 0.9217539128065231
  }
}
