path,true_grade,predicted_grade,confidence
IDRiD_063,1,0,0.9848738826176492
IDRiD_076,2,0,0.8916852435256771
IDRiD_075,0,1,0.8528447927823244
