{
  "baseline": {
    "aptos": {
      "quadratic_weighted_kappa": 0.894713870029098,
      "macro_f1": 0.6835722322987701,
      "balanced_accuracy": 0.6810785195769715,
      "per_class_recall": [
        0.9757085020242915,
        0.6078431372549019,
        0.8014705882352942,
        0.37037037037037035,
        0.65
      ],
      "confusion_matrix": [
        [
          241,
          6,
          0,
          0,
          0
        ],
        [
          2,
          31,
          17,
          0,
          1
        ],
        [
          0,
          6,
          109,
          9,
          12
        ],
        [
          0,
          0,
          8,
          10,
          9
        ],
        [
          0,
          3,
          10,
          1,
          26
        ]
      ],
      "referable_auroc": 0.983800046285582,
      "referable_sensitivity": 0.9655172413793104,
      "referable_specificity": 0.9362416107382551,
      "referable_precision": 0.9116279069767442,
      "referable_negative_predictive_value": 0.9755244755244755,
      "dataset": "APTOS held-out test",
      "samples": 501,
      "expected_calibration_error": 0.011973309081949888,
      "kappa_95_ci": {
        "estimate": 0.894713870029098,
        "lower": 0.865826839022116,
        "upper": 0.9217539128065231
      }
    },
    "idrid": {
      "quadratic_weighted_kappa": 0.6537716499544212,
      "macro_f1": 0.3723478851356089,
      "balanced_accuracy": 0.4160809121219338,
      "per_class_recall": [
        0.38235294117647056,
        0.6,
        0.53125,
        0.10526315789473684,
        0.46153846153846156
      ],
      "confusion_matrix": [
        [
          13,
          21,
          0,
          0,
          0
        ],
        [
          2,
          3,
          0,
          0,
          0
        ],
        [
          2,
          11,
          17,
          1,
          1
        ],
        [
          0,
          2,
          11,
          2,
          4
        ],
        [
          0,
          4,
          3,
          0,
          6
        ]
      ],
      "referable_auroc": 0.8749999999999999,
      "referable_sensitivity": 0.71875,
      "referable_specificity": 0.9743589743589743,
      "referable_precision": 0.9787234042553191,
      "referable_negative_predictive_value": 0.6785714285714286,
      "dataset": "IDRiD official test",
      "samples": 103,
      "expected_calibration_error": 0.262130211451345,
      "kappa_95_ci": {
        "estimate": 0.6537716499544212,
        "lower": 0.5393539084252222,
        "upper": 0.751931795375273
      }
    }
  },
  "candidate": {
    "aptos": {
      "quadratic_weighted_kappa": 0.8806834066787471,
      "macro_f1": 0.634678394389589,
      "balanced_accuracy": 0.6353341183526943,
      "per_class_recall": [
        0.9838056680161943,
        0.5686274509803921,
        0.7279411764705882,
        0.2962962962962963,
        0.6
      ],
      "confusion_matrix": [
        [
          243,
          3,
          1,
          0,
          0
        ],
        [
          3,
          29,
          17,
          2,
          0
        ],
        [
          1,
          9,
          99,
          15,
          12
        ],
        [
          0,
          1,
          9,
          8,
          9
        ],
        [
          1,
          2,
          9,
          4,
          24
        ]
      ],
      "referable_auroc": 0.9810394419281252,
      "referable_sensitivity": 0.9359605911330049,
      "referable_specificity": 0.9261744966442953,
      "referable_precision": 0.8962264150943396,
      "referable_negative_predictive_value": 0.9550173010380623,
      "dataset": "APTOS held-out test",
      "samples": 501,
      "expected_calibration_error": 0.024554884481401848,
      "kappa_95_ci": {
        "estimate": 0.8806834066787471,
        "lower": 0.848965326032705,
        "upper": 0.9088156851240441
      }
    },
    "idrid": {
      "quadratic_weighted_kappa": 0.730904427132814,
      "macro_f1": 0.5671339840283939,
      "balanced_accuracy": 0.5749368897356513,
      "per_class_recall": [
        0.7941176470588235,
        0.2,
        0.5,
        0.8421052631578947,
        0.5384615384615384
      ],
      "confusion_matrix": [
        [
          27,
          1,
          4,
          1,
          1
        ],
        [
          3,
          1,
          1,
          0,
          0
        ],
        [
          3,
          3,
          16,
          9,
          1
        ],
        [
          2,
          0,
          1,
          16,
          0
        ],
        [
          0,
          1,
          1,
          4,
          7
        ]
      ],
      "referable_auroc": 0.9310897435897437,
      "referable_sensitivity": 0.859375,
      "referable_specificity": 0.8717948717948718,
      "referable_precision": 0.9166666666666666,
      "referable_negative_predictive_value": 0.7906976744186046,
      "dataset": "IDRiD official test",
      "samples": 103,
      "expected_calibration_error": 0.13478064434040582,
      "kappa_95_ci": {
        "estimate": 0.730904427132814,
        "lower": 0.5901203787619105,
        "upper": 0.8466698306505124
      }
    }
  },
  "decision": {
    "promote": true,
    "checks": {
      "idrid_severe_recall": true,
      "aptos_kappa": true,
      "aptos_referable_auroc": true
    },
    "summary": "candidate meets the predeclared promotion criteria"
  }
}
