{
  "quadratic_weighted_kappa": 0.7206006497659307,
  "macro_f1": 0.4526340223936992,
  "balanced_accuracy": 0.5045483870967742,
  "per_class_recall": [
    0.5476190476190477,
    0.68,
    0.49404761904761907,
    0.26881720430107525,
    0.532258064516129
  ],
  "confusion_matrix": [
    [
      92,
      58,
      14,
      3,
      1
    ],
    [
      5,
      17,
      3,
      0,
      0
    ],
    [
      12,
      56,
      83,
      5,
      12
    ],
    [
      1,
      7,
      42,
      25,
      18
    ],
    [
      0,
      3,
      12,
      14,
      33
    ]
  ],
  "referable_auroc": 0.9023083463000688,
  "referable_sensitivity": 0.7832817337461301,
  "referable_specificity": 0.8860103626943006,
  "referable_precision": 0.92,
  "referable_negative_predictive_value": 0.7095435684647303,
  "ece": 0.16736819878105047,
  "samples": 516
}
