{
  "quadratic_weighted_kappa": 0.730904427132814,
  "macro_f1": 0.5671339840283939,
  "balanced_accuracy": 0.5749368897356513,
  "per_class_recall": [
    0.7941176470588235,
    0.2,
    0.5,
    0.8421052631578947,
    0.5384615384615384
  ],
  "confusion_matrix": [
    [
      27,
      1,
      4,
      1,
      1
    ],
    [
      3,
      1,
      1,
      0,
      0
    ],
    [
      3,
      3,
      16,
      9,
      1
    ],
    [
      2,
      0,
      1,
      16,
      0
    ],
    [
      0,
      1,
      1,
      4,
      7
    ]
  ],
  "referable_auroc": 0.9310897435897437,
  "referable_sensitivity": 0.859375,
  "referable_specificity": 0.8717948717948718,
  "referable_precision": 0.9166666666666666,
  "referable_negative_predictive_value": 0.7906976744186046,
  "dataset": "IDRiD official test",
  "samples": 103,
  "expected_calibration_error": 0.13478064434040582,
  "kappa_95_ci": {
    "estimate": 0.730904427132814,
    "lower": 0.5901203787619105,
    "upper": 0.8466698306505124
  }
}
