{
  "quadratic_weighted_kappa": 0.7417223515278925,
  "macro_f1": 0.41761899292334076,
  "balanced_accuracy": 0.45264362519201223,
  "per_class_recall": [
    0.6488095238095238,
    0.48,
    0.5,
    0.11827956989247312,
    0.5161290322580645
  ],
  "confusion_matrix": [
    [
      109,
      58,
      0,
      0,
      1
    ],
    [
      12,
      12,
      1,
      0,
      0
    ],
    [
      7,
      63,
      84,
      3,
      11
    ],
    [
      1,
      8,
      49,
      11,
      24
    ],
    [
      0,
      9,
      13,
      8,
      32
    ]
  ],
  "referable_auroc": 0.9510098012480148,
  "referable_sensitivity": 0.739938080495356,
  "referable_specificity": 0.9896373056994818,
  "referable_precision": 0.991701244813278,
  "referable_negative_predictive_value": 0.6945454545454546,
  "dataset": "IDRiD disease grading",
  "license": "CC-BY-4.0",
  "samples": 516,
  "expected_calibration_error": 0.21405648260172397,
  "kappa_95_ci": {
    "estimate": 0.7417223515278925,
    "lower": 0.6988252102016845,
    "upper": 0.7826682540707383
  }
}
